{
  "version": 1,
  "author": "路钰",
  "editor": "wokwi",
  "parts": [
    { "type": "wokwi-arduino-uno", "id": "uno", "top": 0, "left": 0, "attrs": {} },
    {
      "type": "wokwi-servo",
      "id": "servo1",
      "top": -272.31,
      "left": 328.35,
      "rotate": 270,
      "attrs": {}
    },
    {
      "type": "wokwi-dht22",
      "id": "dht1",
      "top": -252.93,
      "left": 106.28,
      "attrs": { "temperature": "7.7" }
    }
  ],
  "connections": [
    [ "uno:5V", "servo1:V+", "red", [ "v47.14", "h251.43" ] ],
    [ "uno:GND.1", "servo1:GND", "black", [ "v-28.42", "h283.41" ] ],
    [ "uno:9", "servo1:PWM", "green", [ "v-14.14", "h261.29" ] ],
    [ "dht1:VCC", "uno:5V", "red", [ "v89.36", "h290.51", "v288.13", "h-251.79" ] ],
    [ "dht1:SDA", "uno:8", "green", [ "v63.81", "h42.23" ] ],
    [ "dht1:GND", "uno:GND.1", "black", [ "v40.26", "h45.84", "v77.61", "h-80.42" ] ]
  ],
  "dependencies": {}
}